t,count
1486143543,0
1486143543,0
1486143543,932
1486143543,5592
1486143543,5592
1486143543,5592
1486143543,5592
1486143543,5592
1486143543,5592
1486143544,6524
1486143544,6524
1486143544,6524
1486143544,6524
1486143544,6524
1486143544,6524
1486143544,6524
1486143544,6524
1486143544,6524
1486143544,6524
1486143545,6524
1486143545,6524
1486143545,7456
1486143545,7456
1486143545,7456
1486143545,7456
1486143545,7456
1486143545,7456
1486143545,7456
1486143545,7456
1486143546,7456
1486143546,8388
1486143546,8388
1486143546,8388
1486143546,8388
1486143546,8388
1486143546,8388
1486143546,8388
1486143546,8388
1486143546,8388
1486143547,8388
1486143547,9320
1486143547,9320
1486143547,9320
1486143547,9320
1486143547,9320
1486143547,9320
1486143547,9320
1486143547,9320
1486143547,9320
1486143548,9320
1486143548,9320
1486143548,10252
1486143548,10252
1486143548,10252
1486143548,10252
1486143548,10252
1486143548,10252
1486143548,10252
1486143548,10252
1486143549,10252
1486143549,11184
1486143549,11184
1486143549,11184
1486143549,11184
1486143549,11184
1486143549,11184
1486143549,11184
1486143549,11184
1486143549,11184
1486143550,12116
1486143550,12116
1486143550,12116
1486143550,12116
1486143550,12116
1486143550,12116
1486143550,12116
1486143550,12116
1486143550,12116
1486143550,12116
1486143551,12116
1486143551,13048
1486143551,13048
1486143551,13048
1486143551,13048
1486143551,13048
1486143551,13048
1486143551,13048
1486143551,13048
1486143551,13048
1486143552,13048
1486143552,13980
1486143552,13980
1486143552,13980
1486143552,13980
1486143552,13980
1486143552,13980
1486143552,13980
1486143552,13980
1486143552,13980
1486143553,14912
1486143553,14912
1486143553,14912
1486143553,14912
1486143553,14912
1486143553,14912
1486143553,14912
1486143553,14912
1486143553,14912
1486143553,14912
1486143554,14912
1486143554,15844
1486143554,15844
1486143554,15844
1486143554,15844
1486143554,15844
1486143554,15844
1486143554,15844
1486143554,15844
1486143554,15844
1486143555,16776
1486143555,16776
1486143555,16776
1486143555,16776
1486143555,16776
1486143555,16776
1486143555,16776
1486143555,16776
1486143555,16776
1486143555,16776
1486143556,16776
1486143556,17708
1486143556,17708
1486143556,17708
1486143556,17708
1486143556,17708
1486143556,17708
1486143556,17708
1486143556,17708
1486143556,17708
1486143557,17708
1486143557,18640
1486143557,18640
1486143557,18640
1486143557,18640
1486143557,18640
1486143557,18640
1486143557,18640
1486143557,18640
1486143557,18640
1486143558,19572
1486143558,19572
1486143558,19572
1486143558,19572
1486143558,19572
1486143558,19572
1486143558,19572
1486143558,19572
1486143558,19572
1486143558,19572
1486143559,19572
1486143559,20504
1486143559,20504
1486143559,20504
1486143559,20504
1486143559,20504
1486143559,20504
1486143559,20504
1486143559,20504
1486143559,20504
1486143560,20504
1486143560,21436
1486143560,21436
1486143560,21436
1486143560,21436
1486143560,21436
1486143560,21436
1486143560,21436
1486143560,21436
1486143560,21436
1486143561,22368
1486143561,22368
1486143561,22368
1486143561,22368
1486143561,22368
1486143561,22368
1486143561,22368
1486143561,22368
1486143561,22368
1486143561,22368
1486143562,22368
1486143562,23300
1486143562,23300
1486143562,23300
1486143562,23300
1486143562,23300
1486143562,23300
1486143562,23300
1486143562,23300
1486143562,23300
1486143563,23300
1486143563,23300
1486143563,24232
1486143563,24232
1486143563,24232
1486143563,24232
1486143563,24232
1486143563,24232
1486143563,24232
1486143563,24232
1486143564,25164
1486143564,25164
1486143564,25164
1486143564,25164
1486143564,25164
1486143564,25164
1486143564,25164
1486143564,25164
1486143564,25164
1486143564,25164
1486143565,25164
1486143565,26096
1486143565,26096
1486143565,26096
1486143565,26096
1486143565,26096
1486143565,26096
1486143565,26096
1486143565,26096
1486143565,26096
1486143566,26096
1486143566,27028
1486143566,27028
1486143566,27028
1486143566,27028
1486143566,27028
1486143566,27028
1486143566,27028
1486143566,27028
1486143566,27028
1486143567,27960
1486143567,27960
1486143567,27960
1486143567,27960
1486143567,27960
1486143567,27960
1486143567,27960
1486143567,27960
1486143567,27960
1486143567,27960
1486143568,27960
1486143568,28892
1486143568,28892
1486143568,28892
1486143568,28892
1486143568,28892
1486143568,28892
1486143568,28892
1486143568,28892
1486143568,28892
1486143569,28892
1486143569,29824
1486143569,29824
1486143569,29824
1486143569,29824
1486143569,29824
1486143569,29824
1486143569,29824
1486143569,29824
1486143569,29824
1486143570,29824
1486143570,29824
1486143570,30756
1486143570,30756
1486143570,30756
1486143570,30756
1486143570,30756
1486143570,30756
1486143570,30756
1486143570,30756
1486143571,30756
1486143571,31688
1486143571,31688
1486143571,31688
1486143571,31688
1486143571,31688
1486143571,31688
1486143571,31688
1486143571,31688
1486143571,31688
1486143572,31688
1486143572,31688
1486143572,32620
1486143572,32620
1486143572,32620
1486143572,32620
1486143572,32620
1486143572,32620
1486143572,32620
1486143572,32620
1486143573,32620
1486143573,32620
1486143573,33552
1486143573,33552
1486143573,33552
1486143573,33552
1486143573,33552
1486143573,33552
1486143573,33552
1486143573,33552
1486143574,33552
1486143574,34484
1486143574,34484
1486143574,34484
1486143574,34484
1486143574,34484
1486143574,34484
1486143574,34484
1486143574,34484
1486143574,34484
1486143575,34484
1486143575,34484
1486143575,35416
1486143575,35416
1486143575,35416
1486143575,35416
1486143575,35416
1486143575,35416
1486143575,35416
1486143575,35416
1486143576,35416
1486143576,36348
1486143576,36348
1486143576,36348
1486143576,36348
1486143576,36348
1486143576,36348
1486143576,36348
1486143576,36348
1486143576,36348
1486143577,37280
1486143577,37280
1486143577,37280
1486143577,37280
1486143577,37280
1486143577,37280
1486143577,37280
1486143577,37280
1486143577,37280
1486143577,37280
1486143578,37280
1486143578,38212
1486143578,38212
1486143578,38212
1486143578,38212
1486143578,38212
1486143578,38212
1486143578,38212
1486143578,38212
1486143578,38212
1486143579,38212
1486143579,39144
1486143579,39144
1486143579,39144
1486143579,39144
1486143579,39144
1486143579,39144
1486143579,39144
1486143579,39144
1486143579,39144
1486143580,40076
1486143580,40076
1486143580,40076
1486143580,40076
1486143580,40076
1486143580,40076
1486143580,40076
1486143580,40076
1486143580,40076
1486143580,40076
1486143581,40076
1486143581,41008
1486143581,41008
1486143581,41008
1486143581,41008
1486143581,41008
1486143581,41008
1486143581,41008
1486143581,41008
1486143581,41008
1486143582,41008
1486143582,41940
1486143582,41940
1486143582,41940
1486143582,41940
1486143582,41940
1486143582,41940
1486143582,41940
1486143582,41940
1486143582,41940
1486143583,42872
1486143583,42872
1486143583,42872
1486143583,42872
1486143583,42872
1486143583,42872
1486143583,42872
1486143583,42872
1486143583,42872
1486143583,42872
1486143584,42872
1486143584,43804
1486143584,43804
1486143584,43804
1486143584,43804
1486143584,43804
1486143584,43804
1486143584,43804
1486143584,43804
1486143584,43804
1486143585,44736
1486143585,44736
1486143585,44736
1486143585,44736
1486143585,44736
1486143585,44736
1486143585,44736
1486143585,44736
1486143585,44736
1486143585,44736
1486143586,44736
1486143586,45668
1486143586,45668
1486143586,45668
1486143586,45668
1486143586,45668
1486143586,45668
1486143586,45668
1486143586,45668
1486143586,45668
1486143587,45668
1486143587,46600
1486143587,46600
1486143587,46600
1486143587,46600
1486143587,46600
1486143587,46600
1486143587,46600
1486143587,46600
1486143587,46600
1486143588,47532
1486143588,47532
1486143588,47532
1486143588,47532
1486143588,47532
1486143588,47532
1486143588,47532
1486143588,47532
1486143588,47532
1486143588,47532
1486143589,47532
1486143589,48464
1486143589,48464
1486143589,48464
1486143589,48464
1486143589,48464
1486143589,48464
1486143589,48464
1486143589,48464
1486143589,48464
1486143590,48464
1486143590,49396
1486143590,49396
1486143590,49396
1486143590,49396
1486143590,49396
1486143590,49396
1486143590,49396
1486143590,49396
1486143590,49396
1486143591,50328
1486143591,50328
1486143591,50328
1486143591,50328
1486143591,50328
1486143591,50328
1486143591,50328
1486143591,50328
1486143591,50328
1486143591,50328
1486143592,50328
1486143592,51260
1486143592,51260
1486143592,51260
1486143592,51260
1486143592,51260
1486143592,51260
1486143592,51260
1486143592,51260
1486143592,51260
1486143593,51260
1486143593,52192
1486143593,52192
1486143593,52192
1486143593,52192
1486143593,52192
1486143593,52192
1486143593,52192
1486143593,52192
1486143593,52192
1486143594,53124
1486143594,53124
1486143594,53124
1486143594,53124
1486143594,53124
1486143594,53124
1486143594,53124
1486143594,53124
1486143594,53124
1486143594,53124
1486143595,53124
1486143595,54056
1486143595,54056
1486143595,54056
1486143595,54056
1486143595,54056
1486143595,54056
1486143595,54056
1486143595,54056
1486143595,54056
1486143596,54988
1486143596,54988
1486143596,54988
1486143596,54988
1486143596,54988
1486143596,54988
1486143596,54988
1486143596,54988
1486143596,54988
1486143596,54988
1486143597,54988
1486143597,55920
1486143597,55920
1486143597,55920
1486143597,55920
1486143597,55920
1486143597,55920
1486143597,55920
1486143597,55920
1486143597,55920
1486143598,56852
1486143598,56852
1486143598,56852
1486143598,56852
1486143598,56852
1486143598,56852
1486143598,56852
1486143598,56852
1486143598,56852
1486143598,56852
1486143599,56852
1486143599,57784
1486143599,57784
1486143599,57784
1486143599,57784
1486143599,57784
1486143599,57784
1486143599,57784
1486143599,57784
1486143599,57784
1486143600,57784
1486143600,58716
1486143600,58716
1486143600,58716
1486143600,58716
1486143600,58716
1486143600,58716
1486143600,58716
1486143600,58716
1486143600,58716
1486143601,59648
1486143601,59648
1486143601,59648
1486143601,59648
1486143601,59648
1486143601,59648
1486143601,59648
1486143601,59648
1486143601,59648
1486143601,59648
1486143602,59648
1486143602,60580
1486143602,60580
1486143602,60580
1486143602,60580
1486143602,60580
1486143602,60580
1486143602,60580
1486143602,60580
1486143602,60580
1486143603,60580
1486143603,61512
1486143603,61512
1486143603,61512
1486143603,61512
1486143603,61512
1486143603,61512
1486143603,61512
1486143603,61512
1486143603,61512
1486143604,62444
1486143604,62444
1486143604,62444
1486143604,62444
1486143604,62444
1486143604,62444
1486143604,62444
1486143604,62444
1486143604,62444
1486143604,62444
1486143605,62444
1486143605,62444
1486143605,63376
1486143605,63376
1486143605,63376
1486143605,63376
1486143605,63376
1486143605,63376
1486143605,63376
1486143605,63376
1486143606,63376
1486143606,64308
1486143606,64308
1486143606,64308
1486143606,64308
1486143606,64308
1486143606,64308
1486143606,64308
1486143606,64308
1486143606,64308
1486143607,64308
1486143607,65240
1486143607,65240
1486143607,65240
1486143607,65240
1486143607,65240
1486143607,65240
1486143607,65240
1486143607,65240
1486143607,65240
1486143608,65240
1486143608,66172
1486143608,66172
1486143608,66172
1486143608,66172
1486143608,66172
1486143608,66172
1486143608,66172
1486143608,66172
1486143608,66172
1486143609,67104
1486143609,67104
1486143609,67104
1486143609,67104
1486143609,67104
1486143609,67104
1486143609,67104
1486143609,67104
1486143609,67104
1486143609,67104
1486143610,67104
1486143610,68036
1486143610,68036
1486143610,68036
1486143610,68036
1486143610,68036
1486143610,68036
1486143610,68036
1486143610,68036
1486143610,68036
1486143611,68968
1486143611,68968
1486143611,68968
1486143611,68968
1486143611,68968
1486143611,68968
1486143611,68968
1486143611,68968
1486143611,68968
1486143611,68968
1486143612,68968
1486143612,69900
1486143612,69900
1486143612,69900
1486143612,69900
1486143612,69900
1486143612,69900
1486143612,69900
1486143612,69900
1486143612,69900
1486143613,69900
1486143613,70832
1486143613,70832
1486143613,70832
1486143613,70832
1486143613,70832
1486143613,70832
1486143613,70832
1486143613,70832
1486143613,70832
1486143614,71764
1486143614,71764
1486143614,71764
1486143614,71764
1486143614,71764
1486143614,71764
1486143614,71764
1486143614,71764
1486143614,71764
1486143614,71764
1486143615,71764
1486143615,72696
1486143615,72696
1486143615,72696
1486143615,72696
1486143615,72696
1486143615,72696
1486143615,72696
1486143615,72696
1486143615,72696
1486143616,73628
1486143616,73628
1486143616,73628
1486143616,73628
1486143616,73628
1486143616,73628
1486143616,73628
1486143616,73628
1486143616,73628
1486143616,73628
1486143617,73628
1486143617,74560
1486143617,74560
1486143617,74560
1486143617,74560
1486143617,74560
1486143617,74560
1486143617,74560
1486143617,74560
1486143617,74560
1486143618,74560
1486143618,75492
1486143618,75492
1486143618,75492
1486143618,75492
1486143618,75492
1486143618,75492
1486143618,75492
1486143618,75492
1486143618,75492
1486143619,76424
1486143619,76424
1486143619,76424
1486143619,76424
1486143619,76424
1486143619,76424
1486143619,76424
1486143619,76424
1486143619,76424
1486143619,76424
1486143620,76424
1486143620,76424
1486143620,77356
1486143620,77356
1486143620,77356
1486143620,77356
1486143620,77356
1486143620,77356
1486143620,77356
1486143620,77356
1486143621,77356
1486143621,78288
1486143621,78288
1486143621,78288
1486143621,78288
1486143621,78288
1486143621,78288
1486143621,78288
1486143621,78288
1486143621,78288
1486143622,79220
1486143622,79220
1486143622,79220
1486143622,79220
1486143622,79220
1486143622,79220
1486143622,79220
1486143622,79220
1486143622,79220
1486143622,79220
1486143623,79220
1486143623,80152
1486143623,80152
1486143623,80152
1486143623,80152
1486143623,80152
1486143623,80152
1486143623,80152
1486143623,80152
1486143623,80152
1486143624,80152
1486143624,81084
1486143624,81084
1486143624,81084
1486143624,81084
1486143624,81084
1486143624,81084
1486143624,81084
1486143624,81084
1486143624,81084
1486143625,82016
1486143625,82016
1486143625,82016
1486143625,82016
1486143625,82016
1486143625,82016
1486143625,82016
1486143625,82016
1486143625,82016
1486143625,82016
1486143626,82016
1486143626,82948
1486143626,82948
1486143626,82948
1486143626,82948
1486143626,82948
1486143626,82948
1486143626,82948
1486143626,82948
1486143626,82948
1486143627,82948
1486143627,83880
1486143627,83880
1486143627,83880
1486143627,83880
1486143627,83880
1486143627,83880
1486143627,83880
1486143627,83880
1486143627,83880
1486143628,84812
1486143628,84812
1486143628,84812
1486143628,84812
1486143628,84812
1486143628,84812
1486143628,84812
1486143628,84812
1486143628,84812
1486143628,84812
1486143629,84812
1486143629,85744
1486143629,85744
1486143629,85744
1486143629,85744
1486143629,85744
1486143629,85744
1486143629,85744
1486143629,85744
1486143629,85744
1486143630,85744
1486143630,86676
1486143630,86676
1486143630,86676
1486143630,86676
1486143630,86676
1486143630,86676
1486143630,86676
1486143630,86676
1486143630,86676
1486143631,87608
1486143631,87608
1486143631,87608
1486143631,87608
1486143631,87608
1486143631,87608
1486143631,87608
1486143631,87608
1486143631,87608
1486143631,87608
1486143632,87608
1486143632,88540
1486143632,88540
1486143632,88540
1486143632,88540
1486143632,88540
1486143632,88540
1486143632,88540
1486143632,88540
1486143632,88540
1486143633,88540
1486143633,89472
1486143633,89472
1486143633,89472
1486143633,89472
1486143633,89472
1486143633,89472
1486143633,89472
1486143633,89472
1486143633,89472
1486143634,90404
1486143634,90404
1486143634,90404
1486143634,90404
1486143634,90404
1486143634,90404
1486143634,90404
1486143634,90404
1486143634,90404
1486143634,90404
1486143635,90404
1486143635,91336
1486143635,91336
1486143635,91336
1486143635,91336
1486143635,91336
1486143635,91336
1486143635,91336
1486143635,91336
1486143635,91336
1486143636,91336
1486143636,92268
1486143636,92268
1486143636,92268
1486143636,92268
1486143636,92268
1486143636,92268
1486143636,92268
1486143636,92268
1486143636,92268
1486143637,92268
1486143637,93200
1486143637,93200
1486143637,93200
1486143637,93200
1486143637,93200
1486143637,93200
1486143637,93200
1486143637,93200
1486143637,93200
1486143638,93200
1486143638,94132
1486143638,94132
1486143638,94132
1486143638,94132
1486143638,94132
1486143638,94132
1486143638,94132
1486143638,94132
1486143638,94132
1486143639,95064
1486143639,95064
1486143639,95064
1486143639,95064
1486143639,95064
1486143639,95064
1486143639,95064
1486143639,95064
1486143639,95064
1486143639,95064
1486143640,95064
1486143640,95064
1486143640,95996
1486143640,95996
1486143640,95996
1486143640,95996
1486143640,95996
1486143640,95996
1486143640,95996
1486143640,95996
1486143641,95996
1486143641,95996
1486143641,96928
1486143641,96928
1486143641,96928
1486143641,96928
1486143641,96928
1486143641,96928
1486143641,96928
1486143641,96928
1486143642,97860
1486143642,97860
1486143642,97860
1486143642,97860
1486143642,97860
1486143642,97860
1486143642,97860
1486143642,97860
1486143642,97860
1486143642,97860
1486143643,97860
1486143643,97860
1486143643,97860
1486143643,98792
1486143643,98792
1486143643,98792
1486143643,98792
1486143643,98792
1486143643,98792
1486143643,98792
1486143644,99724
1486143644,99724
1486143644,99724
1486143644,99724
1486143644,99724
1486143644,99724
1486143644,99724
1486143644,99724
1486143644,99724
1486143644,99724
1486143645,99724
1486143645,100656
1486143645,100656
1486143645,100656
1486143645,100656
1486143645,100656
1486143645,100656
1486143645,100656
1486143645,100656
1486143645,100656
1486143646,100656
1486143646,100656
1486143646,101588
1486143646,101588
1486143646,101588
1486143646,101588
1486143646,101588
1486143646,101588
1486143646,101588
1486143646,101588
1486143647,102520
1486143647,102520
1486143647,102520
1486143647,102520
1486143647,102520
1486143647,102520
1486143647,102520
1486143647,102520
1486143647,102520
1486143647,102520
1486143648,102520
1486143648,103452
1486143648,103452
1486143648,103452
1486143648,103452
1486143648,103452
1486143648,103452
1486143648,103452
1486143648,103452
1486143648,103452
1486143649,103452
1486143649,103452
1486143649,104384
1486143649,104384
1486143649,104384
1486143649,104384
1486143649,104384
1486143649,104384
1486143649,104384
1486143649,104384
1486143650,105316
1486143650,105316
1486143650,105316
1486143650,105316
1486143650,105316
1486143650,105316
1486143650,105316
1486143650,105316
1486143650,105316
1486143650,105316
1486143651,105316
1486143651,106248
1486143651,106248
1486143651,106248
1486143651,106248
1486143651,106248
1486143651,106248
1486143651,106248
1486143651,106248
1486143651,106248
1486143652,106248
1486143652,106248
1486143652,107180
1486143652,107180
1486143652,107180
1486143652,107180
1486143652,107180
1486143652,107180
1486143652,107180
1486143652,107180
1486143653,108112
1486143653,108112
1486143653,108112
1486143653,108112
1486143653,108112
1486143653,108112
1486143653,108112
1486143653,108112
1486143653,108112
1486143653,108112
1486143654,108112
1486143654,109044
1486143654,109044
1486143654,109044
1486143654,109044
1486143654,109044
1486143654,109044
1486143654,109044
1486143654,109044
1486143654,109044
1486143655,109976
1486143655,109976
1486143655,109976
1486143655,109976
1486143655,109976
1486143655,109976
1486143655,109976
1486143655,109976
1486143655,109976
1486143655,109976
1486143656,109976
1486143656,110908
1486143656,110908
1486143656,110908
1486143656,110908
1486143656,110908
1486143656,110908
1486143656,110908
1486143656,110908
1486143656,110908
1486143657,110908
1486143657,111840
1486143657,111840
1486143657,111840
1486143657,111840
1486143657,111840
1486143657,111840
1486143657,111840
1486143657,111840
1486143657,111840
1486143658,111840
1486143658,112772
1486143658,112772
1486143658,112772
1486143658,112772
1486143658,112772
1486143658,112772
1486143658,112772
1486143658,112772
1486143658,112772
1486143659,112772
1486143659,112772
1486143659,113704
1486143659,113704
1486143659,113704
1486143659,113704
1486143659,113704
1486143659,113704
1486143659,113704
1486143659,113704
1486143660,113704
1486143660,113704
1486143660,114636
1486143660,114636
1486143660,114636
1486143660,114636
1486143660,114636
1486143660,114636
1486143660,114636
1486143660,114636
1486143661,115568
1486143661,115568
1486143661,115568
1486143661,115568
1486143661,115568
1486143661,115568
1486143661,115568
1486143661,115568
1486143661,115568
1486143661,115568
1486143662,115568
1486143662,116500
1486143662,116500
1486143662,116500
1486143662,116500
1486143662,116500
1486143662,116500
1486143662,116500
1486143662,116500
1486143662,116500
1486143663,117432
1486143663,117432
1486143663,117432
1486143663,117432
1486143663,117432
1486143663,117432
1486143663,117432
1486143663,117432
1486143663,117432
1486143663,117432
1486143664,117432
1486143664,118364
1486143664,118364
1486143664,118364
1486143664,118364
1486143664,118364
1486143664,118364
1486143664,118364
1486143664,118364
1486143664,118364
1486143665,118364
1486143665,119296
1486143665,119296
1486143665,119296
1486143665,119296
1486143665,119296
1486143665,119296
1486143665,119296
1486143665,119296
1486143665,119296
1486143666,120228
1486143666,120228
1486143666,120228
1486143666,120228
1486143666,120228
1486143666,120228
1486143666,120228
1486143666,120228
1486143666,120228
1486143666,120228
1486143667,120228
1486143667,121160
1486143667,121160
1486143667,121160
1486143667,121160
1486143667,121160
1486143667,121160
1486143667,121160
1486143667,121160
1486143667,121160
1486143668,121160
1486143668,122092
1486143668,122092
1486143668,122092
1486143668,122092
1486143668,122092
1486143668,122092
1486143668,122092
1486143668,122092
1486143668,122092
1486143669,123024
1486143669,123024
1486143669,123024
1486143669,123024
1486143669,123024
1486143669,123024
1486143669,123024
1486143669,123024
1486143669,123024
1486143669,123024
1486143670,123024
1486143670,123956
1486143670,123956
1486143670,123956
1486143670,123956
1486143670,123956
1486143670,123956
1486143670,123956
1486143670,123956
1486143670,123956
1486143671,124888
1486143671,124888
1486143671,124888
1486143671,124888
1486143671,124888
1486143671,124888
1486143671,124888
1486143671,124888
1486143671,124888
1486143671,124888
1486143672,124888
1486143672,125820
1486143672,125820
1486143672,125820
1486143672,125820
1486143672,125820
1486143672,125820
1486143672,125820
1486143672,125820
1486143672,125820
1486143673,126752
1486143673,126752
1486143673,126752
1486143673,126752
1486143673,126752
1486143673,126752
1486143673,126752
1486143673,126752
1486143673,126752
1486143673,126752
1486143674,126752
1486143674,127684
1486143674,127684
1486143674,127684
1486143674,127684
1486143674,127684
1486143674,127684
1486143674,127684
1486143674,127684
1486143674,127684
1486143675,127684
1486143675,127684
1486143675,128616
1486143675,128616
1486143675,128616
1486143675,128616
1486143675,128616
1486143675,128616
1486143675,128616
1486143675,128616
1486143676,129548
1486143676,129548
1486143676,129548
1486143676,129548
1486143676,129548
1486143676,129548
1486143676,129548
1486143676,129548
1486143676,129548
1486143676,129548
1486143677,129548
1486143677,129548
1486143677,130480
1486143677,130480
1486143677,130480
1486143677,130480
1486143677,130480
1486143677,130480
1486143677,130480
1486143677,130480
1486143678,130480
1486143678,130480
1486143678,131412
1486143678,131412
1486143678,131412
1486143678,131412
1486143678,131412
1486143678,131412
1486143678,131412
1486143678,131412
1486143679,132344
1486143679,132344
1486143679,132344
1486143679,132344
1486143679,132344
1486143679,132344
1486143679,132344
1486143679,132344
1486143679,132344
1486143679,132344
1486143680,132344
1486143680,132344
1486143680,133276
1486143680,133276
1486143680,133276
1486143680,133276
1486143680,133276
1486143680,133276
1486143680,133276
1486143680,133276
1486143681,133276
1486143681,134208
1486143681,134208
1486143681,134208
1486143681,134208
1486143681,134208
1486143681,134208
1486143681,134208
1486143681,134208
1486143681,134208
1486143682,135140
1486143682,135140
1486143682,135140
1486143682,135140
1486143682,135140
1486143682,135140
1486143682,135140
1486143682,135140
1486143682,135140
1486143682,135140
1486143683,135140
1486143683,135140
1486143683,136072
1486143683,136072
1486143683,136072
1486143683,136072
1486143683,136072
1486143683,136072
1486143683,136072
1486143683,136072
1486143684,137004
1486143684,137004
1486143684,137004
1486143684,137004
1486143684,137004
1486143684,137004
1486143684,137004
1486143684,137004
1486143684,137004
1486143684,137004
1486143685,137004
1486143685,137936
1486143685,137936
1486143685,137936
1486143685,137936
1486143685,137936
1486143685,137936
1486143685,137936
1486143685,137936
1486143685,137936
1486143686,137936
1486143686,138868
1486143686,138868
1486143686,138868
1486143686,138868
1486143686,138868
1486143686,138868
1486143686,138868
1486143686,138868
1486143686,138868
1486143687,138868
1486143687,139800
1486143687,139800
1486143687,139800
1486143687,139800
1486143687,139800
1486143687,139800
1486143687,139800
1486143687,139800
1486143687,139800
1486143688,139800
1486143688,140732
1486143688,140732
1486143688,140732
1486143688,140732
1486143688,140732
1486143688,140732
1486143688,140732
1486143688,140732
1486143688,140732
1486143689,140732
1486143689,140732
1486143689,141664
1486143689,141664
1486143689,141664
1486143689,141664
1486143689,141664
1486143689,141664
1486143689,141664
1486143689,141664
1486143690,142596
1486143690,142596
1486143690,142596
1486143690,142596
1486143690,142596
1486143690,142596
1486143690,142596
1486143690,142596
1486143690,142596
1486143690,142596
1486143691,142596
1486143691,143528
1486143691,143528
1486143691,143528
1486143691,143528
1486143691,143528
1486143691,143528
1486143691,143528
1486143691,143528
1486143691,143528
1486143692,143528
1486143692,144460
1486143692,144460
1486143692,144460
1486143692,144460
1486143692,144460
1486143692,144460
1486143692,144460
1486143692,144460
1486143692,144460
1486143693,145392
1486143693,145392
1486143693,145392
1486143693,145392
1486143693,145392
1486143693,145392
1486143693,145392
1486143693,145392
1486143693,145392
1486143693,145392
1486143694,145392
1486143694,146324
1486143694,146324
1486143694,146324
1486143694,146324
1486143694,146324
1486143694,146324
1486143694,146324
1486143694,146324
1486143694,146324
1486143695,146324
1486143695,147256
1486143695,147256
1486143695,147256
1486143695,147256
1486143695,147256
1486143695,147256
1486143695,147256
1486143695,147256
1486143695,147256
1486143696,148188
1486143696,148188
1486143696,148188
1486143696,148188
1486143696,148188
1486143696,148188
1486143696,148188
1486143696,148188
1486143696,148188
1486143696,148188
1486143697,148188
1486143697,149120
1486143697,149120
1486143697,149120
1486143697,149120
1486143697,149120
1486143697,149120
1486143697,149120
1486143697,149120
1486143697,149120
1486143698,149120
1486143698,150052
1486143698,150052
1486143698,150052
1486143698,150052
1486143698,150052
1486143698,150052
1486143698,150052
1486143698,150052
1486143698,150052
1486143699,150984
1486143699,150984
1486143699,150984
1486143699,150984
1486143699,150984
1486143699,150984
1486143699,150984
1486143699,150984
1486143699,150984
1486143699,150984
1486143700,150984
1486143700,151916
1486143700,151916
1486143700,151916
1486143700,151916
1486143700,151916
1486143700,151916
1486143700,151916
1486143700,151916
1486143700,151916
1486143701,152848
1486143701,152848
1486143701,152848
1486143701,152848
1486143701,152848
1486143701,152848
1486143701,152848
1486143701,152848
1486143701,152848
1486143701,152848
1486143702,152848
1486143702,153780
1486143702,153780
1486143702,153780
1486143702,153780
1486143702,153780
1486143702,153780
1486143702,153780
1486143702,153780
1486143702,153780
1486143703,153780
1486143703,154712
1486143703,154712
1486143703,154712
1486143703,154712
1486143703,154712
1486143703,154712
1486143703,154712
1486143703,154712
1486143703,154712
1486143704,155644
1486143704,155644
1486143704,155644
1486143704,155644
1486143704,155644
1486143704,155644
1486143704,155644
1486143704,155644
1486143704,155644
1486143704,155644
1486143705,155644
1486143705,156576
1486143705,156576
1486143705,156576
1486143705,156576
1486143705,156576
1486143705,156576
1486143705,156576
1486143705,156576
1486143705,156576
1486143706,156576
1486143706,157508
1486143706,157508
1486143706,157508
1486143706,157508
1486143706,157508
1486143706,157508
1486143706,157508
1486143706,157508
1486143706,157508
1486143707,158440
1486143707,158440
1486143707,158440
1486143707,158440
1486143707,158440
1486143707,158440
1486143707,158440
1486143707,158440
1486143707,158440
1486143707,158440
1486143708,158440
1486143708,158440
1486143708,159372
1486143708,159372
1486143708,159372
1486143708,159372
1486143708,159372
1486143708,159372
1486143708,159372
1486143708,159372
1486143709,159372
1486143709,160304
1486143709,160304
1486143709,160304
1486143709,160304
1486143709,160304
1486143709,160304
1486143709,160304
1486143709,160304
1486143709,160304
1486143710,160304
1486143710,161236
1486143710,161236
1486143710,161236
1486143710,161236
1486143710,161236
1486143710,161236
1486143710,161236
1486143710,161236
1486143710,161236
1486143711,161236
1486143711,161236
1486143711,162168
1486143711,162168
1486143711,162168
1486143711,162168
1486143711,162168
1486143711,162168
1486143711,162168
1486143711,162168
1486143712,162168
1486143712,163100
1486143712,163100
1486143712,163100
1486143712,163100
1486143712,163100
1486143712,163100
1486143712,163100
1486143712,163100
1486143712,163100
1486143713,163100
1486143713,163100
1486143713,164032
1486143713,164032
1486143713,164032
1486143713,164032
1486143713,164032
1486143713,164032
1486143713,164032
1486143713,164032
1486143714,164032
1486143714,164964
1486143714,164964
1486143714,164964
1486143714,164964
1486143714,164964
1486143714,164964
1486143714,164964
1486143714,164964
1486143714,164964
1486143715,165896
1486143715,165896
1486143715,165896
1486143715,165896
1486143715,165896
1486143715,165896
1486143715,165896
1486143715,165896
1486143715,165896
1486143715,165896
1486143716,165896
1486143716,166828
1486143716,166828
1486143716,166828
1486143716,166828
1486143716,166828
1486143716,166828
1486143716,166828
1486143716,166828
1486143716,166828
1486143717,166828
1486143717,167760
1486143717,167760
1486143717,167760
1486143717,167760
1486143717,167760
1486143717,167760
1486143717,167760
1486143717,167760
1486143717,167760
1486143718,167760
1486143718,168692
1486143718,168692
1486143718,168692
1486143718,168692
1486143718,168692
1486143718,168692
1486143718,168692
1486143718,168692
1486143718,168692
1486143719,169624
1486143719,169624
1486143719,169624
1486143719,169624
1486143719,169624
1486143719,169624
1486143719,169624
1486143719,169624
1486143719,169624
1486143719,169624
1486143720,169624
1486143720,170556
1486143720,170556
1486143720,170556
1486143720,170556
1486143720,170556
1486143720,170556
1486143720,170556
1486143720,170556
1486143720,170556
1486143721,170556
1486143721,171488
1486143721,171488
1486143721,171488
1486143721,171488
1486143721,171488
1486143721,171488
1486143721,171488
1486143721,171488
1486143721,171488
1486143722,171488
1486143722,172420
1486143722,172420
1486143722,172420
1486143722,172420
1486143722,172420
1486143722,172420
1486143722,172420
1486143722,172420
1486143722,172420
1486143723,172420
1486143723,173352
1486143723,173352
1486143723,173352
1486143723,173352
1486143723,173352
1486143723,173352
1486143723,173352
1486143723,173352
1486143723,173352
1486143724,174284
1486143724,174284
1486143724,174284
1486143724,174284
1486143724,174284
1486143724,174284
1486143724,174284
1486143724,174284
1486143724,174284
1486143724,174284
1486143725,174284
1486143725,174284
1486143725,175216
1486143725,175216
1486143725,175216
1486143725,175216
1486143725,175216
1486143725,175216
1486143725,175216
1486143725,175216
1486143726,175216
1486143726,176148
1486143726,176148
1486143726,176148
1486143726,176148
1486143726,176148
1486143726,176148
1486143726,176148
1486143726,176148
1486143726,176148
1486143727,177080
1486143727,177080
1486143727,177080
1486143727,177080
1486143727,177080
1486143727,177080
1486143727,177080
1486143727,177080
1486143727,177080
1486143727,177080
1486143728,177080
1486143728,178012
1486143728,178012
1486143728,178012
1486143728,178012
1486143728,178012
1486143728,178012
1486143728,178012
1486143728,178012
1486143728,178012
1486143729,178944
1486143729,178944
1486143729,178944
1486143729,178944
1486143729,178944
1486143729,178944
1486143729,178944
1486143729,178944
1486143729,178944
1486143729,178944
1486143730,178944
1486143730,178944
1486143730,179876
1486143730,179876
1486143730,179876
1486143730,179876
1486143730,179876
1486143730,179876
1486143730,179876
1486143730,179876
1486143731,179876
1486143731,180808
1486143731,180808
1486143731,180808
1486143731,180808
1486143731,180808
1486143731,180808
1486143731,180808
1486143731,180808
1486143731,180808
1486143732,181740
1486143732,181740
1486143732,181740
1486143732,181740
1486143732,181740
1486143732,181740
1486143732,181740
1486143732,181740
1486143732,181740
1486143732,181740
1486143733,181740
1486143733,182672
1486143733,182672
1486143733,182672
1486143733,182672
1486143733,182672
1486143733,182672
1486143733,182672
1486143733,182672
1486143733,182672
1486143734,183604
1486143734,183604
1486143734,183604
1486143734,183604
1486143734,183604
1486143734,183604
1486143734,183604
1486143734,183604
1486143734,183604
1486143734,183604
1486143735,183604
1486143735,184536
1486143735,184536
1486143735,184536
1486143735,184536
1486143735,184536
1486143735,184536
1486143735,184536
1486143735,184536
1486143735,184536
1486143736,184536
1486143736,185468
1486143736,185468
1486143736,185468
1486143736,185468
1486143736,185468
1486143736,185468
1486143736,185468
1486143736,185468
1486143736,185468
1486143737,186400
1486143737,186400
1486143737,186400
1486143737,186400
1486143737,186400
1486143737,186400
1486143737,186400
1486143737,186400
1486143737,186400
1486143737,186400
1486143738,186400
1486143738,187332
1486143738,187332
1486143738,187332
1486143738,187332
1486143738,187332
1486143738,187332
1486143738,187332
1486143738,187332
1486143738,187332
1486143739,187332
1486143739,188264
1486143739,188264
1486143739,188264
1486143739,188264
1486143739,188264
1486143739,188264
1486143739,188264
1486143739,188264
1486143739,188264
1486143740,189196
1486143740,189196
1486143740,189196
1486143740,189196
1486143740,189196
1486143740,189196
1486143740,189196
1486143740,189196
1486143740,189196
1486143740,189196
1486143741,189196
1486143741,189196
1486143741,190128
1486143741,190128
1486143741,190128
1486143741,190128
1486143741,190128
1486143741,190128
1486143741,190128
1486143741,190128
1486143742,190128
1486143742,191060
1486143742,191060
1486143742,191060
1486143742,191060
1486143742,191060
1486143742,191060
1486143742,191060
1486143742,191060
1486143742,191060
1486143743,191060
1486143743,191992
1486143743,191992
1486143743,191992
1486143743,191992
1486143743,191992
1486143743,191992
1486143743,191992
1486143743,191992
1486143743,191992
1486143744,191992
1486143744,191992
1486143744,192924
1486143744,192924
1486143744,192924
1486143744,192924
1486143744,192924
1486143744,192924
1486143744,192924
1486143744,192924
1486143745,192924
1486143745,192924
1486143745,193856
1486143745,193856
1486143745,193856
1486143745,193856
1486143745,193856
1486143745,193856
1486143745,193856
1486143745,193856
1486143746,194788
1486143746,194788
1486143746,194788
1486143746,194788
1486143746,194788
1486143746,194788
1486143746,194788
1486143746,194788
1486143746,194788
1486143746,194788
1486143747,194788
1486143747,195720
1486143747,195720
1486143747,195720
1486143747,195720
1486143747,195720
1486143747,195720
1486143747,195720
1486143747,195720
1486143747,195720
1486143748,195720
1486143748,196652
1486143748,196652
1486143748,196652
1486143748,196652
1486143748,196652
1486143748,196652
1486143748,196652
1486143748,196652
1486143748,196652
1486143749,196652
1486143749,196652
1486143749,197584
1486143749,197584
1486143749,197584
1486143749,197584
1486143749,197584
1486143749,197584
1486143749,197584
1486143749,197584
1486143750,197584
1486143750,198516
1486143750,198516
1486143750,198516
1486143750,198516
1486143750,198516
1486143750,198516
1486143750,198516
1486143750,198516
1486143750,198516
1486143751,199448
1486143751,199448
1486143751,199448
1486143751,199448
1486143751,199448
1486143751,199448
1486143751,199448
1486143751,199448
1486143751,199448
1486143751,199448
1486143752,199448
1486143752,199448
1486143752,200380
1486143752,200380
1486143752,200380
1486143752,200380
1486143752,200380
1486143752,200380
1486143752,200380
1486143752,200380
1486143753,200380
1486143753,201312
1486143753,201312
1486143753,201312
1486143753,201312
1486143753,201312
1486143753,201312
1486143753,201312
1486143753,201312
1486143753,201312
1486143754,202244
1486143754,202244
1486143754,202244
1486143754,202244
1486143754,202244
1486143754,202244
1486143754,202244
1486143754,202244
1486143754,202244
1486143754,202244
1486143755,202244
1486143755,202244
1486143755,203176
1486143755,203176
1486143755,203176
1486143755,203176
1486143755,203176
1486143755,203176
1486143755,203176
1486143755,203176
1486143756,203176
1486143756,204108
1486143756,204108
1486143756,204108
1486143756,204108
1486143756,204108
1486143756,204108
1486143756,204108
1486143756,204108
1486143756,204108
1486143757,204108
1486143757,204108
1486143757,205040
1486143757,205040
1486143757,205040
1486143757,205040
1486143757,205040
1486143757,205040
1486143757,205040
1486143757,205040
1486143758,205040
1486143758,205972
1486143758,205972
1486143758,205972
1486143758,205972
1486143758,205972
1486143758,205972
1486143758,205972
1486143758,205972
1486143758,205972
1486143759,205972
1486143759,205972
1486143759,206904
1486143759,206904
1486143759,206904
1486143759,206904
1486143759,206904
1486143759,206904
1486143759,206904
1486143759,206904
1486143760,206904
1486143760,207836
1486143760,207836
1486143760,207836
1486143760,207836
1486143760,207836
1486143760,207836
1486143760,207836
1486143760,207836
1486143760,207836
1486143761,207836
1486143761,207836
1486143761,208768
1486143761,208768
1486143761,208768
1486143761,208768
1486143761,208768
1486143761,208768
1486143761,208768
1486143761,208768
1486143762,208768
1486143762,209700
1486143762,209700
1486143762,209700
1486143762,209700
1486143762,209700
1486143762,209700
1486143762,209700
1486143762,209700
1486143762,209700
1486143763,209700
1486143763,210632
1486143763,210632
1486143763,210632
1486143763,210632
1486143763,210632
1486143763,210632
1486143763,210632
1486143763,210632
1486143763,210632
1486143764,210632
1486143764,211564
1486143764,211564
1486143764,211564
1486143764,211564
1486143764,211564
1486143764,211564
1486143764,211564
1486143764,211564
1486143764,211564
1486143765,211564
1486143765,211564
1486143765,212496
1486143765,212496
1486143765,212496
1486143765,212496
1486143765,212496
1486143765,212496
1486143765,212496
1486143765,212496
1486143766,213428
1486143766,213428
1486143766,213428
1486143766,213428
1486143766,213428
1486143766,213428
1486143766,213428
1486143766,213428
1486143766,213428
1486143766,213428
1486143767,213428
1486143767,214360
1486143767,214360
1486143767,214360
1486143767,214360
1486143767,214360
1486143767,214360
1486143767,214360
1486143767,214360
1486143767,214360
1486143768,215292
1486143768,215292
1486143768,215292
1486143768,215292
1486143768,215292
1486143768,215292
1486143768,215292
1486143768,215292
1486143768,215292
1486143768,215292
1486143769,215292
1486143769,215292
1486143769,216224
1486143769,216224
1486143769,216224
1486143769,216224
1486143769,216224
1486143769,216224
1486143769,216224
1486143769,216224
1486143770,216224
1486143770,217156
1486143770,217156
1486143770,217156
1486143770,217156
1486143770,217156
1486143770,217156
1486143770,217156
1486143770,217156
1486143770,217156
1486143771,218088
1486143771,218088
1486143771,218088
1486143771,218088
1486143771,218088
1486143771,218088
1486143771,218088
1486143771,218088
1486143771,218088
1486143771,218088
1486143772,218088
1486143772,219020
1486143772,219020
1486143772,219020
1486143772,219020
1486143772,219020
1486143772,219020
1486143772,219020
1486143772,219020
1486143772,219020
1486143773,219020
1486143773,219952
1486143773,219952
1486143773,219952
1486143773,219952
1486143773,219952
1486143773,219952
1486143773,219952
1486143773,219952
1486143773,219952
1486143774,219952
1486143774,220884
1486143774,220884
1486143774,220884
1486143774,220884
1486143774,220884
1486143774,220884
1486143774,220884
1486143774,220884
1486143774,220884
1486143775,220884
1486143775,220884
1486143775,221816
1486143775,221816
1486143775,221816
1486143775,221816
1486143775,221816
1486143775,221816
1486143775,221816
1486143775,221816
1486143776,221816
1486143776,222748
1486143776,222748
1486143776,222748
1486143776,222748
1486143776,222748
1486143776,222748
1486143776,222748
1486143776,222748
1486143776,222748
1486143777,223680
1486143777,223680
1486143777,223680
1486143777,223680
1486143777,223680
1486143777,223680
1486143777,223680
1486143777,223680
1486143777,223680
1486143777,223680
1486143778,223680
1486143778,223680
1486143778,224612
1486143778,224612
1486143778,224612
1486143778,224612
1486143778,224612
1486143778,224612
1486143778,224612
1486143778,224612
1486143779,225544
1486143779,225544
1486143779,225544
1486143779,225544
1486143779,225544
1486143779,225544
1486143779,225544
1486143779,225544
1486143779,225544
1486143779,225544
1486143780,225544
1486143780,226476
1486143780,226476
1486143780,226476
1486143780,226476
1486143780,226476
1486143780,226476
1486143780,226476
1486143780,226476
1486143780,226476
1486143781,226476
1486143781,227408
1486143781,227408
1486143781,227408
1486143781,227408
1486143781,227408
1486143781,227408
1486143781,227408
1486143781,227408
1486143781,227408
1486143782,228340
1486143782,228340
1486143782,228340
1486143782,228340
1486143782,228340
1486143782,228340
1486143782,228340
1486143782,228340
1486143782,228340
1486143782,228340
1486143783,228340
1486143783,229272
1486143783,229272
1486143783,229272
1486143783,229272
1486143783,229272
1486143783,229272
1486143783,229272
1486143783,229272
1486143783,229272
1486143784,230204
1486143784,230204
1486143784,230204
1486143784,230204
1486143784,230204
1486143784,230204
1486143784,230204
1486143784,230204
1486143784,230204
1486143784,230204
1486143785,230204
1486143785,231136
1486143785,231136
1486143785,231136
1486143785,231136
1486143785,231136
1486143785,231136
1486143785,231136
1486143785,231136
1486143785,231136
1486143786,231136
1486143786,232068
1486143786,232068
1486143786,232068
1486143786,232068
1486143786,232068
1486143786,232068
1486143786,232068
1486143786,232068
1486143786,232068
1486143787,233000
1486143787,233000
1486143787,233000
1486143787,233000
1486143787,233000
1486143787,233000
1486143787,233000
1486143787,233000
1486143787,233000
1486143787,233000
1486143788,233000
1486143788,233932
1486143788,233932
1486143788,233932
1486143788,233932
1486143788,233932
1486143788,233932
1486143788,233932
1486143788,233932
1486143788,233932
1486143789,233932
1486143789,234864
1486143789,234864
1486143789,234864
1486143789,234864
1486143789,234864
1486143789,234864
1486143789,234864
1486143789,234864
1486143789,234864
1486143790,235796
1486143790,235796
1486143790,235796
1486143790,235796
1486143790,235796
1486143790,235796
1486143790,235796
1486143790,235796
1486143790,235796
1486143790,235796
1486143791,235796
1486143791,236728
1486143791,236728
1486143791,236728
1486143791,236728
1486143791,236728
1486143791,236728
1486143791,236728
1486143791,236728
1486143791,236728
1486143792,236728
1486143792,236728
1486143792,237660
1486143792,237660
1486143792,237660
1486143792,237660
1486143792,237660
1486143792,237660
1486143792,237660
1486143792,237660
1486143793,238592
1486143793,238592
1486143793,238592
1486143793,238592
1486143793,238592
1486143793,238592
1486143793,238592
1486143793,238592
1486143793,238592
1486143793,238592
1486143794,238592
1486143794,238592
1486143794,239524
1486143794,239524
1486143794,239524
1486143794,239524
1486143794,239524
1486143794,239524
1486143794,239524
1486143794,239524
1486143795,239524
1486143795,240456
1486143795,240456
1486143795,240456
1486143795,240456
1486143795,240456
1486143795,240456
1486143795,240456
1486143795,240456
1486143795,240456
1486143796,241388
1486143796,241388
1486143796,241388
1486143796,241388
1486143796,241388
1486143796,241388
1486143796,241388
1486143796,241388
1486143796,241388
1486143796,241388
1486143797,241388
1486143797,241388
1486143797,242320
1486143797,242320
1486143797,242320
1486143797,242320
1486143797,242320
1486143797,242320
1486143797,242320
1486143797,242320
1486143798,243252
1486143798,243252
1486143798,243252
1486143798,243252
1486143798,243252
1486143798,243252
1486143798,243252
1486143798,243252
1486143798,243252
1486143798,243252
1486143799,243252
1486143799,244184
1486143799,244184
1486143799,244184
1486143799,244184
1486143799,244184
1486143799,244184
1486143799,244184
1486143799,244184
1486143799,244184
1486143800,244184
1486143800,245116
1486143800,245116
1486143800,245116
1486143800,245116
1486143800,245116
1486143800,245116
1486143800,245116
1486143800,245116
1486143800,245116
1486143801,245116
1486143801,246048
1486143801,246048
1486143801,246048
1486143801,246048
1486143801,246048
1486143801,246048
1486143801,246048
1486143801,246048
1486143801,246048
1486143802,246048
1486143802,246048
1486143802,246980
1486143802,246980
1486143802,246980
1486143802,246980
1486143802,246980
1486143802,246980
1486143802,246980
1486143802,246980
1486143803,246980
1486143803,247912
1486143803,247912
1486143803,247912
1486143803,247912
1486143803,247912
1486143803,247912
1486143803,247912
1486143803,247912
1486143803,247912
1486143804,247912
1486143804,247912
1486143804,248844
1486143804,248844
1486143804,248844
1486143804,248844
1486143804,248844
1486143804,248844
1486143804,248844
1486143804,248844
1486143805,248844
1486143805,249776
1486143805,249776
1486143805,249776
1486143805,249776
1486143805,249776
1486143805,249776
1486143805,249776
1486143805,249776
1486143805,249776
1486143806,250708
1486143806,250708
1486143806,250708
1486143806,250708
1486143806,250708
1486143806,250708
1486143806,250708
1486143806,250708
1486143806,250708
1486143806,250708
1486143807,250708
1486143807,251640
1486143807,251640
1486143807,251640
1486143807,251640
1486143807,251640
1486143807,251640
1486143807,251640
1486143807,251640
1486143807,251640
1486143808,251640
1486143808,252572
1486143808,252572
1486143808,252572
1486143808,252572
1486143808,252572
1486143808,252572
1486143808,252572
1486143808,252572
1486143808,252572
1486143809,252572
1486143809,253504
1486143809,253504
1486143809,253504
1486143809,253504
1486143809,253504
1486143809,253504
1486143809,253504
1486143809,253504
1486143809,253504
1486143810,253504
1486143810,254436
1486143810,254436
1486143810,254436
1486143810,254436
1486143810,254436
1486143810,254436
1486143810,254436
1486143810,254436
1486143810,254436
1486143811,255368
1486143811,255368
1486143811,255368
1486143811,255368
1486143811,255368
1486143811,255368
1486143811,255368
1486143811,255368
1486143811,255368
1486143811,255368
1486143812,255368
1486143812,256300
1486143812,256300
1486143812,256300
1486143812,256300
1486143812,256300
1486143812,256300
1486143812,256300
1486143812,256300
1486143812,256300
1486143813,256300
1486143813,257232
1486143813,257232
1486143813,257232
1486143813,257232
1486143813,257232
1486143813,257232
1486143813,257232
1486143813,257232
1486143813,257232
1486143814,258164
1486143814,258164
1486143814,258164
1486143814,258164
1486143814,258164
1486143814,258164
1486143814,258164
1486143814,258164
1486143814,258164
1486143814,258164
1486143815,258164
1486143815,259096
1486143815,259096
1486143815,259096
1486143815,259096
1486143815,259096
1486143815,259096
1486143815,259096
1486143815,259096
1486143815,259096
1486143816,260028
1486143816,260028
1486143816,260028
1486143816,260028
1486143816,260028
1486143816,260028
1486143816,260028
1486143816,260028
1486143816,260028
1486143816,260028
1486143817,260028
1486143817,260028
1486143817,260960
1486143817,260960
1486143817,260960
1486143817,260960
1486143817,260960
1486143817,260960
1486143817,260960
1486143817,260960
1486143818,260960
1486143818,260960
1486143818,261892
1486143818,261892
1486143818,261892
1486143818,261892
1486143818,261892
1486143818,261892
1486143818,261892
1486143818,261892
1486143819,262824
1486143819,262824
1486143819,262824
1486143819,262824
1486143819,262824
1486143819,262824
1486143819,262824
1486143819,262824
1486143819,262824
1486143819,262824
1486143820,262824
1486143820,262824
1486143820,263756
1486143820,263756
1486143820,263756
1486143820,263756
1486143820,263756
1486143820,263756
1486143820,263756
1486143820,263756
1486143821,263756
1486143821,263756
1486143821,264688
1486143821,264688
1486143821,264688
1486143821,264688
1486143821,264688
1486143821,264688
1486143821,264688
1486143821,264688
1486143822,265620
1486143822,265620
1486143822,265620
1486143822,265620
1486143822,265620
1486143822,265620
1486143822,265620
1486143822,265620
1486143822,265620
1486143822,265620
1486143823,265620
1486143823,265620
1486143823,266552
1486143823,266552
1486143823,266552
1486143823,266552
1486143823,266552
1486143823,266552
1486143823,266552
1486143823,266552
1486143824,266552
1486143824,266552
1486143824,267484
1486143824,267484
1486143824,267484
1486143824,267484
1486143824,267484
1486143824,267484
1486143824,267484
1486143824,267484
1486143825,267484
1486143825,268416
1486143825,268416
1486143825,268416
1486143825,268416
1486143825,268416
1486143825,268416
1486143825,268416
1486143825,268416
1486143825,268416
1486143826,268416
1486143826,268416
1486143826,269348
1486143826,269348
1486143826,269348
1486143826,269348
1486143826,269348
1486143826,269348
1486143826,269348
1486143826,269348
1486143827,269348
1486143827,270280
1486143827,270280
1486143827,270280
1486143827,270280
1486143827,270280
1486143827,270280
1486143827,270280
1486143827,270280
1486143827,270280
1486143828,270280
1486143828,270280
1486143828,271212
1486143828,271212
1486143828,271212
1486143828,271212
1486143828,271212
1486143828,271212
1486143828,271212
1486143828,271212
1486143829,271212
1486143829,271212
1486143829,272144
1486143829,272144
1486143829,272144
1486143829,272144
1486143829,272144
1486143829,272144
1486143829,272144
1486143829,272144
1486143830,273076
1486143830,273076
1486143830,273076
1486143830,273076
1486143830,273076
1486143830,273076
1486143830,273076
1486143830,273076
1486143830,273076
1486143830,273076
1486143831,273076
1486143831,273076
1486143831,274008
1486143831,274008
1486143831,274008
1486143831,274008
1486143831,274008
1486143831,274008
1486143831,274008
1486143831,274008
1486143832,274008
1486143832,274940
1486143832,274940
1486143832,274940
1486143832,274940
1486143832,274940
1486143832,274940
1486143832,274940
1486143832,274940
1486143832,274940
1486143833,274940
1486143833,274940
1486143833,275872
1486143833,275872
1486143833,275872
1486143833,275872
1486143833,275872
1486143833,275872
1486143833,275872
1486143833,275872
1486143834,275872
1486143834,276804
1486143834,276804
1486143834,276804
1486143834,276804
1486143834,276804
1486143834,276804
1486143834,276804
1486143834,276804
1486143834,276804
1486143835,276804
1486143835,277736
1486143835,277736
1486143835,277736
1486143835,277736
1486143835,277736
1486143835,277736
1486143835,277736
1486143835,277736
1486143835,277736
1486143836,277736
1486143836,277736
1486143836,278668
1486143836,278668
1486143836,278668
1486143836,278668
1486143836,278668
1486143836,278668
1486143836,278668
1486143836,278668
1486143837,278668
1486143837,279600
1486143837,279600
1486143837,279600
1486143837,279600
1486143837,279600
1486143837,279600
1486143837,279600
1486143837,279600
1486143837,279600
1486143838,279600
1486143838,279600
1486143838,280532
1486143838,280532
1486143838,280532
1486143838,280532
1486143838,280532
1486143838,280532
1486143838,280532
1486143838,280532
1486143839,280532
1486143839,280532
1486143839,281464
1486143839,281464
1486143839,281464
1486143839,281464
1486143839,281464
1486143839,281464
1486143839,281464
1486143839,281464
1486143840,281464
1486143840,282396
1486143840,282396
1486143840,282396
1486143840,282396
1486143840,282396
1486143840,282396
1486143840,282396
1486143840,282396
1486143840,282396
1486143841,282396
1486143841,282396
1486143841,283328
1486143841,283328
1486143841,283328
1486143841,283328
1486143841,283328
1486143841,283328
1486143841,283328
1486143841,283328
1486143842,283328
1486143842,283328
1486143842,284260
1486143842,284260
1486143842,284260
1486143842,284260
1486143842,284260
1486143842,284260
1486143842,284260
1486143842,284260
1486143843,285192
1486143843,285192
1486143843,285192
1486143843,285192
1486143843,285192
1486143843,285192
1486143843,285192
1486143843,285192
1486143843,285192
1486143843,285192
1486143844,285192
1486143844,285192
1486143844,286124
1486143844,286124
1486143844,286124
1486143844,286124
1486143844,286124
1486143844,286124
1486143844,286124
1486143844,286124
1486143845,286124
1486143845,287056
1486143845,287056
1486143845,287056
1486143845,287056
1486143845,287056
1486143845,287056
1486143845,287056
1486143845,287056
1486143845,287056
1486143846,287056
1486143846,287988
1486143846,287988
1486143846,287988
1486143846,287988
1486143846,287988
1486143846,287988
1486143846,287988
1486143846,287988
1486143846,287988
1486143847,287988
1486143847,287988
1486143847,288920
1486143847,288920
1486143847,288920
1486143847,288920
1486143847,288920
1486143847,288920
1486143847,288920
1486143847,288920
1486143848,289852
1486143848,289852
1486143848,289852
1486143848,289852
1486143848,289852
1486143848,289852
1486143848,289852
1486143848,289852
1486143848,289852
1486143848,289852
1486143849,289852
1486143849,289852
1486143849,290784
1486143849,290784
1486143849,290784
1486143849,290784
1486143849,290784
1486143849,290784
1486143849,290784
1486143849,290784
1486143850,290784
1486143850,290784
1486143850,291716
1486143850,291716
1486143850,291716
1486143850,291716
1486143850,291716
1486143850,291716
1486143850,291716
1486143850,291716
1486143851,292648
1486143851,292648
1486143851,292648
1486143851,292648
1486143851,292648
1486143851,292648
1486143851,292648
1486143851,292648
1486143851,292648
1486143851,292648
1486143852,292648
1486143852,292648
1486143852,293580
1486143852,293580
1486143852,293580
1486143852,293580
1486143852,293580
1486143852,293580
1486143852,293580
1486143852,293580
1486143853,294512
1486143853,294512
1486143853,294512
1486143853,294512
1486143853,294512
1486143853,294512
1486143853,294512
1486143853,294512
1486143853,294512
1486143853,294512
1486143854,294512
1486143854,294512
1486143854,295444
1486143854,295444
1486143854,295444
1486143854,295444
1486143854,295444
1486143854,295444
1486143854,295444
1486143854,295444
1486143855,295444
1486143855,296376
1486143855,296376
1486143855,296376
1486143855,296376
1486143855,296376
1486143855,296376
1486143855,296376
1486143855,296376
1486143855,296376
1486143856,296376
1486143856,296376
1486143856,297308
1486143856,297308
1486143856,297308
1486143856,297308
1486143856,297308
1486143856,297308
1486143856,297308
1486143856,297308
1486143857,297308
1486143857,298240
1486143857,298240
1486143857,298240
1486143857,298240
1486143857,298240
1486143857,298240
1486143857,298240
1486143857,298240
1486143857,298240
1486143858,298240
1486143858,299172
1486143858,299172
1486143858,299172
1486143858,299172
1486143858,299172
1486143858,299172
1486143858,299172
1486143858,299172
1486143858,299172
1486143859,299172
1486143859,299172
1486143859,300104
1486143859,300104
1486143859,300104
1486143859,300104
1486143859,300104
1486143859,300104
1486143859,300104
1486143859,300104
1486143860,300104
1486143860,301036
1486143860,301036
1486143860,301036
1486143860,301036
1486143860,301036
1486143860,301036
1486143860,301036
1486143860,301036
1486143860,301036
1486143861,301036
1486143861,301036
1486143861,301968
1486143861,301968
1486143861,301968
1486143861,301968
1486143861,301968
1486143861,301968
1486143861,301968
1486143861,301968
1486143862,301968
1486143862,302900
1486143862,302900
1486143862,302900
1486143862,302900
1486143862,302900
1486143862,302900
1486143862,302900
1486143862,302900
1486143862,302900
1486143863,302900
1486143863,302900
1486143863,303832
1486143863,303832
1486143863,303832
1486143863,303832
1486143863,303832
1486143863,303832
1486143863,303832
1486143863,303832
1486143864,303832
1486143864,303832
1486143864,304764
1486143864,304764
1486143864,304764
1486143864,304764
1486143864,304764
1486143864,304764
1486143864,304764
1486143864,304764
1486143865,304764
1486143865,305696
1486143865,305696
1486143865,305696
1486143865,305696
1486143865,305696
1486143865,305696
1486143865,305696
1486143865,305696
1486143865,305696
1486143866,305696
1486143866,305696
1486143866,306628
1486143866,306628
1486143866,306628
1486143866,306628
1486143866,306628
1486143866,306628
1486143866,306628
1486143866,306628
1486143867,306628
1486143867,306628
1486143867,307560
1486143867,307560
1486143867,307560
1486143867,307560
1486143867,307560
1486143867,307560
1486143867,307560
1486143867,307560
1486143868,307560
1486143868,308492
1486143868,308492
1486143868,308492
1486143868,308492
1486143868,308492
1486143868,308492
1486143868,308492
1486143868,308492
1486143868,308492
1486143869,308492
1486143869,308492
1486143869,309424
1486143869,309424
1486143869,309424
1486143869,309424
1486143869,309424
1486143869,309424
1486143869,309424
1486143869,309424
1486143870,309424
1486143870,310356
1486143870,310356
1486143870,310356
1486143870,310356
1486143870,310356
1486143870,310356
1486143870,310356
1486143870,310356
1486143870,310356
1486143871,310356
1486143871,310356
1486143871,311288
1486143871,311288
1486143871,311288
1486143871,311288
1486143871,311288
1486143871,311288
1486143871,311288
1486143871,311288
1486143872,311288
1486143872,311288
1486143872,312220
1486143872,312220
1486143872,312220
1486143872,312220
1486143872,312220
1486143872,312220
1486143872,312220
1486143872,312220
1486143873,313152
1486143873,313152
1486143873,313152
1486143873,313152
1486143873,313152
1486143873,313152
1486143873,313152
1486143873,313152
1486143873,313152
1486143873,313152
1486143874,313152
1486143874,313152
1486143874,314084
1486143874,314084
1486143874,314084
1486143874,314084
1486143874,314084
1486143874,314084
1486143874,314084
1486143874,314084
1486143875,314084
1486143875,315016
1486143875,315016
1486143875,315016
1486143875,315016
1486143875,315016
1486143875,315016
1486143875,315016
1486143875,315016
1486143875,315016
1486143876,315016
1486143876,315016
1486143876,315948
1486143876,315948
1486143876,315948
1486143876,315948
1486143876,315948
1486143876,315948
1486143876,315948
1486143876,315948
1486143877,315948
1486143877,315948
1486143877,316880
1486143877,316880
1486143877,316880
1486143877,316880
1486143877,316880
1486143877,316880
1486143877,316880
1486143877,316880
1486143878,317812
1486143878,317812
1486143878,317812
1486143878,317812
1486143878,317812
1486143878,317812
1486143878,317812
1486143878,317812
1486143878,317812
1486143878,317812
1486143879,317812
1486143879,317812
1486143879,318744
1486143879,318744
1486143879,318744
1486143879,318744
1486143879,318744
1486143879,318744
1486143879,318744
1486143879,318744
1486143880,318744
1486143880,318744
1486143880,319676
1486143880,319676
1486143880,319676
1486143880,319676
1486143880,319676
1486143880,319676
1486143880,319676
1486143880,319676
1486143881,319676
1486143881,320608
1486143881,320608
1486143881,320608
1486143881,320608
1486143881,320608
1486143881,320608
1486143881,320608
1486143881,320608
1486143881,320608
1486143882,320608
1486143882,320608
1486143882,321540
1486143882,321540
1486143882,321540
1486143882,321540
1486143882,321540
1486143882,321540
1486143882,321540
1486143882,321540
1486143883,321540
1486143883,322472
1486143883,322472
1486143883,322472
1486143883,322472
1486143883,322472
1486143883,322472
1486143883,322472
1486143883,322472
1486143883,322472
1486143884,322472
1486143884,322472
1486143884,323404
1486143884,323404
1486143884,323404
1486143884,323404
1486143884,323404
1486143884,323404
1486143884,323404
1486143884,323404
1486143885,323404
1486143885,324336
1486143885,324336
1486143885,324336
1486143885,324336
1486143885,324336
1486143885,324336
1486143885,324336
1486143885,324336
1486143885,324336
1486143886,324336
1486143886,325268
1486143886,325268
1486143886,325268
1486143886,325268
1486143886,325268
1486143886,325268
1486143886,325268
1486143886,325268
1486143886,325268
1486143887,325268
1486143887,325268
1486143887,326200
1486143887,326200
1486143887,326200
1486143887,326200
1486143887,326200
1486143887,326200
1486143887,326200
1486143887,326200
1486143888,326200
1486143888,327132
1486143888,327132
1486143888,327132
1486143888,327132
1486143888,327132
1486143888,327132
1486143888,327132
1486143888,327132
1486143888,327132
1486143889,327132
1486143889,327132
1486143889,328064
1486143889,328064
1486143889,328064
1486143889,328064
1486143889,328064
1486143889,328064
1486143889,328064
1486143889,328064
1486143890,328064
1486143890,328064
1486143890,328996
1486143890,328996
1486143890,328996
1486143890,328996
1486143890,328996
1486143890,328996
1486143890,328996
1486143890,328996
1486143891,329928
1486143891,329928
1486143891,329928
1486143891,329928
1486143891,329928
1486143891,329928
1486143891,329928
1486143891,329928
1486143891,329928
1486143891,329928
1486143892,329928
1486143892,329928
1486143892,330860
1486143892,330860
1486143892,330860
1486143892,330860
1486143892,330860
1486143892,330860
1486143892,330860
1486143892,330860
1486143893,330860
1486143893,331792
1486143893,331792
1486143893,331792
1486143893,331792
1486143893,331792
1486143893,331792
1486143893,331792
1486143893,331792
1486143893,331792
1486143894,331792
1486143894,331792
1486143894,332724
1486143894,332724
1486143894,332724
1486143894,332724
1486143894,332724
1486143894,332724
1486143894,332724
1486143894,332724
1486143895,332724
1486143895,332724
1486143895,333656
1486143895,333656
1486143895,333656
1486143895,333656
1486143895,333656
1486143895,333656
1486143895,333656
1486143895,333656
1486143896,333656
1486143896,334588
1486143896,334588
1486143896,334588
1486143896,334588
1486143896,334588
1486143896,334588
1486143896,334588
1486143896,334588
1486143896,334588
1486143897,334588
1486143897,334588
1486143897,335520
1486143897,335520
1486143897,335520
1486143897,335520
1486143897,335520
1486143897,335520
1486143897,335520
1486143897,335520
1486143898,335520
1486143898,335520
1486143898,336452
1486143898,336452
1486143898,336452
1486143898,336452
1486143898,336452
1486143898,336452
1486143898,336452
1486143898,336452
1486143899,336452
1486143899,337384
1486143899,337384
1486143899,337384
1486143899,337384
1486143899,337384
1486143899,337384
1486143899,337384
1486143899,337384
1486143899,337384
1486143900,337384
1486143900,337384
1486143900,338316
1486143900,338316
1486143900,338316
1486143900,338316
1486143900,338316
1486143900,338316
1486143900,338316
1486143900,338316
1486143901,338316
1486143901,338316
1486143901,339248
1486143901,339248
1486143901,339248
1486143901,339248
1486143901,339248
1486143901,339248
1486143901,339248
1486143901,339248
1486143902,339248
1486143902,340180
1486143902,340180
1486143902,340180
1486143902,340180
1486143902,340180
1486143902,340180
1486143902,340180
1486143902,340180
1486143902,340180
1486143903,340180
1486143903,340180
1486143903,341112
1486143903,341112
1486143903,341112
1486143903,341112
1486143903,341112
1486143903,341112
1486143903,341112
1486143903,341112
1486143904,341112
1486143904,342044
1486143904,342044
1486143904,342044
1486143904,342044
1486143904,342044
1486143904,342044
1486143904,342044
1486143904,342044
1486143904,342044
1486143905,342044
1486143905,342044
1486143905,342976
1486143905,342976
1486143905,342976
1486143905,342976
1486143905,342976
1486143905,342976
1486143905,342976
1486143905,342976
1486143906,342976
1486143906,342976
1486143906,343908
1486143906,343908
1486143906,343908
1486143906,343908
1486143906,343908
1486143906,343908
1486143906,343908
1486143906,343908
1486143907,343908
1486143907,344840
1486143907,344840
1486143907,344840
1486143907,344840
1486143907,344840
1486143907,344840
1486143907,344840
1486143907,344840
1486143907,344840
1486143908,344840
1486143908,344840
1486143908,345772
1486143908,345772
1486143908,345772
1486143908,345772
1486143908,345772
1486143908,345772
1486143908,345772
1486143908,345772
1486143909,345772
1486143909,345772
1486143909,346704
1486143909,346704
1486143909,346704
1486143909,346704
1486143909,346704
1486143909,346704
1486143909,346704
1486143909,346704
1486143910,346704
1486143910,347636
1486143910,347636
1486143910,347636
1486143910,347636
1486143910,347636
1486143910,347636
1486143910,347636
1486143910,347636
1486143910,347636
1486143911,347636
1486143911,347636
1486143911,348568
1486143911,348568
1486143911,348568
1486143911,348568
1486143911,348568
1486143911,348568
1486143911,348568
1486143911,348568
1486143912,348568
1486143912,348568
1486143912,349500
1486143912,349500
1486143912,349500
1486143912,349500
1486143912,349500
1486143912,349500
1486143912,349500
1486143912,349500
1486143913,349500
1486143913,350432
1486143913,350432
1486143913,350432
1486143913,350432
1486143913,350432
1486143913,350432
1486143913,350432
1486143913,350432
1486143913,350432
1486143914,350432
1486143914,350432
1486143914,351364
1486143914,351364
1486143914,351364
1486143914,351364
1486143914,351364
1486143914,351364
1486143914,351364
1486143914,351364
1486143915,351364
1486143915,351364
1486143915,352296
1486143915,352296
1486143915,352296
1486143915,352296
1486143915,352296
1486143915,352296
1486143915,352296
1486143915,352296
1486143916,353228
1486143916,353228
1486143916,353228
1486143916,353228
1486143916,353228
1486143916,353228
1486143916,353228
1486143916,353228
1486143916,353228
1486143916,353228
1486143917,353228
1486143917,354160
1486143917,354160
1486143917,354160
1486143917,354160
1486143917,354160
1486143917,354160
1486143917,354160
1486143917,354160
1486143917,354160
1486143918,354160
1486143918,355092
1486143918,355092
1486143918,355092
1486143918,355092
1486143918,355092
1486143918,355092
1486143918,355092
1486143918,355092
1486143918,355092
1486143919,355092
1486143919,356024
1486143919,356024
1486143919,356024
1486143919,356024
1486143919,356024
1486143919,356024
1486143919,356024
1486143919,356024
1486143919,356024
1486143920,356024
1486143920,356024
1486143920,356956
1486143920,356956
1486143920,356956
1486143920,356956
1486143920,356956
1486143920,356956
1486143920,356956
1486143920,356956
1486143921,356956
1486143921,356956
1486143921,357888
1486143921,357888
1486143921,357888
1486143921,357888
1486143921,357888
1486143921,357888
1486143921,357888
1486143921,357888
1486143922,357888
1486143922,358820
1486143922,358820
1486143922,358820
1486143922,358820
1486143922,358820
1486143922,358820
1486143922,358820
1486143922,358820
1486143922,358820
1486143923,358820
1486143923,358820
1486143923,359752
1486143923,359752
1486143923,359752
1486143923,359752
1486143923,359752
1486143923,359752
1486143923,359752
1486143923,359752
1486143924,359752
1486143924,359752
1486143924,360684
1486143924,360684
1486143924,360684
1486143924,360684
1486143924,360684
1486143924,360684
1486143924,360684
1486143924,360684
1486143925,360684
1486143925,361616
1486143925,361616
1486143925,361616
1486143925,361616
1486143925,361616
1486143925,361616
1486143925,361616
1486143925,361616
1486143925,361616
1486143926,361616
1486143926,361616
1486143926,362548
1486143926,362548
1486143926,362548
1486143926,362548
1486143926,362548
1486143926,362548
1486143926,362548
1486143926,362548
1486143927,362548
1486143927,362548
1486143927,363480
1486143927,363480
1486143927,363480
1486143927,363480
1486143927,363480
1486143927,363480
1486143927,363480
1486143927,363480
1486143928,363480
1486143928,364412
1486143928,364412
1486143928,364412
1486143928,364412
1486143928,364412
1486143928,364412
1486143928,364412
1486143928,364412
1486143928,364412
1486143929,364412
1486143929,364412
1486143929,365344
1486143929,365344
1486143929,365344
1486143929,365344
1486143929,365344
1486143929,365344
1486143929,365344
1486143929,365344
1486143930,365344
1486143930,366276
1486143930,366276
1486143930,366276
1486143930,366276
1486143930,366276
1486143930,366276
1486143930,366276
1486143930,366276
1486143930,366276
1486143931,366276
1486143931,366276
1486143931,367208
1486143931,367208
1486143931,367208
1486143931,367208
1486143931,367208
1486143931,367208
1486143931,367208
1486143931,367208
1486143932,367208
1486143932,367208
1486143932,368140
1486143932,368140
1486143932,368140
1486143932,368140
1486143932,368140
1486143932,368140
1486143932,368140
1486143932,368140
1486143933,368140
1486143933,369072
1486143933,369072
1486143933,369072
1486143933,369072
1486143933,369072
1486143933,369072
1486143933,369072
1486143933,369072
1486143933,369072
1486143934,369072
1486143934,370004
1486143934,370004
1486143934,370004
1486143934,370004
1486143934,370004
1486143934,370004
1486143934,370004
1486143934,370004
1486143934,370004
1486143935,370004
1486143935,370936
1486143935,370936
1486143935,370936
1486143935,370936
1486143935,370936
1486143935,370936
1486143935,370936
1486143935,370936
1486143935,370936
1486143936,371868
1486143936,371868
1486143936,371868
1486143936,371868
1486143936,371868
1486143936,371868
1486143936,371868
1486143936,371868
1486143936,371868
1486143936,371868
1486143937,371868
1486143937,372800
1486143937,372800
1486143937,372800
1486143937,372800
1486143937,372800
1486143937,372800
1486143937,372800
1486143937,372800
1486143937,372800
1486143938,372800
1486143938,373732
1486143938,373732
1486143938,373732
1486143938,373732
1486143938,373732
1486143938,373732
1486143938,373732
1486143938,373732
1486143938,373732
1486143939,373732
1486143939,373732
1486143939,374664
1486143939,374664
1486143939,374664
1486143939,374664
1486143939,374664
1486143939,374664
1486143939,374664
1486143939,374664
1486143940,374664
1486143940,374664
1486143940,375596
1486143940,375596
1486143940,375596
1486143940,375596
1486143940,375596
1486143940,375596
1486143940,375596
1486143940,375596
1486143941,375596
1486143941,376528
1486143941,376528
1486143941,376528
1486143941,376528
1486143941,376528
1486143941,376528
1486143941,376528
1486143941,376528
1486143941,376528
1486143942,376528
1486143942,376528
1486143942,377460
1486143942,377460
1486143942,377460
1486143942,377460
1486143942,377460
1486143942,377460
1486143942,377460
1486143942,377460
1486143943,377460
1486143943,378392
1486143943,378392
1486143943,378392
1486143943,378392
1486143943,378392
1486143943,378392
1486143943,378392
1486143943,378392
1486143943,378392
1486143944,378392
1486143944,378392
1486143944,379324
1486143944,379324
1486143944,379324
1486143944,379324
1486143944,379324
1486143944,379324
1486143944,379324
1486143944,379324
1486143945,379324
1486143945,380256
1486143945,380256
1486143945,380256
1486143945,380256
1486143945,380256
1486143945,380256
1486143945,380256
1486143945,380256
1486143945,380256
1486143946,380256
1486143946,380256
1486143946,381188
1486143946,381188
1486143946,381188
1486143946,381188
1486143946,381188
1486143946,381188
1486143946,381188
1486143946,381188
1486143947,381188
1486143947,381188
1486143947,382120
1486143947,382120
1486143947,382120
1486143947,382120
1486143947,382120
1486143947,382120
1486143947,382120
1486143947,382120
1486143948,382120
1486143948,383052
1486143948,383052
1486143948,383052
1486143948,383052
1486143948,383052
1486143948,383052
1486143948,383052
1486143948,383052
1486143948,383052
1486143949,383052
1486143949,383052
1486143949,383984
1486143949,383984
1486143949,383984
1486143949,383984
1486143949,383984
1486143949,383984
1486143949,383984
1486143949,383984
1486143950,383984
1486143950,384916
1486143950,384916
1486143950,384916
1486143950,384916
1486143950,384916
1486143950,384916
1486143950,384916
1486143950,384916
1486143950,384916
1486143951,384916
1486143951,384916
1486143951,385848
1486143951,385848
1486143951,385848
1486143951,385848
1486143951,385848
1486143951,385848
1486143951,385848
1486143951,385848
1486143952,385848
1486143952,386780
1486143952,386780
1486143952,386780
1486143952,386780
1486143952,386780
1486143952,386780
1486143952,386780
1486143952,386780
1486143952,386780
1486143953,386780
1486143953,386780
1486143953,387712
1486143953,387712
1486143953,387712
1486143953,387712
1486143953,387712
1486143953,387712
1486143953,387712
1486143953,387712
1486143954,387712
1486143954,387712
1486143954,388644
1486143954,388644
1486143954,388644
1486143954,388644
1486143954,388644
1486143954,388644
1486143954,388644
1486143954,388644
1486143955,388644
1486143955,389576
1486143955,389576
1486143955,389576
1486143955,389576
1486143955,389576
1486143955,389576
1486143955,389576
1486143955,389576
1486143955,389576
1486143956,389576
1486143956,389576
1486143956,390508
1486143956,390508
1486143956,390508
1486143956,390508
1486143956,390508
1486143956,390508
1486143956,390508
1486143956,390508
1486143957,390508
1486143957,391440
1486143957,391440
1486143957,391440
1486143957,391440
1486143957,391440
1486143957,391440
1486143957,391440
1486143957,391440
1486143957,391440
1486143958,391440
1486143958,391440
1486143958,392372
1486143958,392372
1486143958,392372
1486143958,392372
1486143958,392372
1486143958,392372
1486143958,392372
1486143958,392372
1486143959,392372
1486143959,392372
1486143959,393304
1486143959,393304
1486143959,393304
1486143959,393304
1486143959,393304
1486143959,393304
1486143959,393304
1486143959,393304
1486143960,394236
1486143960,394236
1486143960,394236
1486143960,394236
1486143960,394236
1486143960,394236
1486143960,394236
1486143960,394236
1486143960,394236
1486143960,394236
1486143961,394236
1486143961,394236
1486143961,395168
1486143961,395168
1486143961,395168
1486143961,395168
1486143961,395168
1486143961,395168
1486143961,395168
1486143961,395168
1486143962,395168
1486143962,396100
1486143962,396100
1486143962,396100
1486143962,396100
1486143962,396100
1486143962,396100
1486143962,396100
1486143962,396100
1486143962,396100
1486143963,396100
1486143963,396100
1486143963,397032
1486143963,397032
1486143963,397032
1486143963,397032
1486143963,397032
1486143963,397032
1486143963,397032
1486143963,397032
1486143964,397032
1486143964,397032
1486143964,397964
1486143964,397964
1486143964,397964
1486143964,397964
1486143964,397964
1486143964,397964
1486143964,397964
1486143964,397964
1486143965,397964
1486143965,398896
1486143965,398896
1486143965,398896
1486143965,398896
1486143965,398896
1486143965,398896
1486143965,398896
1486143965,398896
1486143965,398896
1486143966,398896
1486143966,398896
1486143966,399828
1486143966,399828
1486143966,399828
1486143966,399828
1486143966,399828
1486143966,399828
1486143966,399828
1486143966,399828
1486143967,399828
1486143967,399828
1486143967,400760
1486143967,400760
1486143967,400760
1486143967,400760
1486143967,400760
1486143967,400760
1486143967,400760
1486143967,400760
1486143968,400760
1486143968,401692
1486143968,401692
1486143968,401692
1486143968,401692
1486143968,401692
1486143968,401692
1486143968,401692
1486143968,401692
1486143968,401692
1486143969,401692
1486143969,401692
1486143969,402624
1486143969,402624
1486143969,402624
1486143969,402624
1486143969,402624
1486143969,402624
1486143969,402624
1486143969,402624
1486143970,402624
1486143970,402624
1486143970,403556
1486143970,403556
1486143970,403556
1486143970,403556
1486143970,403556
1486143970,403556
1486143970,403556
1486143970,403556
1486143971,403556
1486143971,404488
1486143971,404488
1486143971,404488
1486143971,404488
1486143971,404488
1486143971,404488
1486143971,404488
1486143971,404488
1486143971,404488
1486143972,404488
1486143972,404488
1486143972,405420
1486143972,405420
1486143972,405420
1486143972,405420
1486143972,405420
1486143972,405420
1486143972,405420
1486143972,405420
1486143973,405420
1486143973,405420
1486143973,406352
1486143973,406352
1486143973,406352
1486143973,406352
1486143973,406352
1486143973,406352
1486143973,406352
1486143973,406352
1486143974,406352
1486143974,407284
1486143974,407284
1486143974,407284
1486143974,407284
1486143974,407284
1486143974,407284
1486143974,407284
1486143974,407284
1486143974,407284
1486143975,407284
1486143975,407284
1486143975,408216
1486143975,408216
1486143975,408216
1486143975,408216
1486143975,408216
1486143975,408216
1486143975,408216
1486143975,408216
1486143976,408216
1486143976,408216
1486143976,409148
1486143976,409148
1486143976,409148
1486143976,409148
1486143976,409148
1486143976,409148
1486143976,409148
1486143976,409148
1486143977,409148
1486143977,410080
1486143977,410080
1486143977,410080
1486143977,410080
1486143977,410080
1486143977,410080
1486143977,410080
1486143977,410080
1486143977,410080
1486143978,410080
1486143978,410080
1486143978,411012
1486143978,411012
1486143978,411012
1486143978,411012
1486143978,411012
1486143978,411012
1486143978,411012
1486143978,411012
1486143979,411012
1486143979,411012
1486143979,411944
1486143979,411944
1486143979,411944
1486143979,411944
1486143979,411944
1486143979,411944
1486143979,411944
1486143979,411944
1486143980,411944
1486143980,412876
1486143980,412876
1486143980,412876
1486143980,412876
1486143980,412876
1486143980,412876
1486143980,412876
1486143980,412876
1486143980,412876
1486143981,412876
1486143981,412876
1486143981,413808
1486143981,413808
1486143981,413808
1486143981,413808
1486143981,413808
1486143981,413808
1486143981,413808
1486143981,413808
1486143982,413808
1486143982,414740
1486143982,414740
1486143982,414740
1486143982,414740
1486143982,414740
1486143982,414740
1486143982,414740
1486143982,414740
1486143982,414740
1486143983,414740
1486143983,414740
1486143983,415672
1486143983,415672
1486143983,415672
1486143983,415672
1486143983,415672
1486143983,415672
1486143983,415672
1486143983,415672
1486143984,415672
1486143984,415672
1486143984,416604
1486143984,416604
1486143984,416604
1486143984,416604
1486143984,416604
1486143984,416604
1486143984,416604
1486143984,416604
1486143985,416604
1486143985,417536
1486143985,417536
1486143985,417536
1486143985,417536
1486143985,417536
1486143985,417536
1486143985,417536
1486143985,417536
1486143985,417536
1486143986,417536
1486143986,417536
1486143986,418468
1486143986,418468
1486143986,418468
1486143986,418468
1486143986,418468
1486143986,418468
1486143986,418468
1486143986,418468
1486143987,418468
1486143987,418468
1486143987,419400
1486143987,419400
1486143987,419400
1486143987,419400
1486143987,419400
1486143987,419400
1486143987,419400
1486143987,419400
1486143988,419400
1486143988,420332
1486143988,420332
1486143988,420332
1486143988,420332
1486143988,420332
1486143988,420332
1486143988,420332
1486143988,420332
1486143988,420332
1486143989,420332
1486143989,420332
1486143989,420332
1486143989,420332
1486143989,420332
1486143989,420332
1486143989,420332
1486143989,420332
1486143989,420332
1486143989,420332
1486143990,420332
1486143990,420332
1486143990,420332
1486143990,420332
1486143990,420332
1486143990,420332
1486143990,420332
1486143990,420332
1486143990,420332
1486143990,420332
1486143991,420332
1486143991,420332
1486143991,420332
1486143991,420332
1486143991,420332
1486143991,420332
1486143991,420332
1486143991,420332
1486143991,420332
1486143991,420332
1486143992,420332
1486143992,420332
1486143992,420332
1486143992,420332
1486143992,420332
1486143992,420332
1486143992,420332
1486143992,420332
1486143992,420332
1486143992,420332
1486143993,420332
1486143993,420332
1486143993,420332
1486143993,420332
1486143993,420332
1486143993,420332
1486143993,420332
1486143993,420332
1486143993,420332
1486143993,420332
1486143994,420332
1486143994,420332
1486143994,420332
1486143994,420332
1486143994,420332
1486143994,420332
1486143994,420332
1486143994,420332
1486143994,420332
1486143994,420332
1486143995,420332
1486143995,420332
1486143995,420332
1486143995,420332
1486143995,420332
1486143995,420332
1486143995,420332
1486143995,420332
1486143995,420332
1486143995,420332
1486143996,420332
1486143996,420332
1486143996,420332
1486143996,420332
1486143996,420332
1486143996,420332
1486143996,420332
1486143996,420332
1486143996,420332
1486143996,420332
1486143997,420332
1486143997,420332
1486143997,420332
1486143997,420332
1486143997,420332
1486143997,420332
1486143997,420332
1486143997,420332
1486143997,420332
1486143997,420332
1486143998,420332
1486143998,420332
1486143998,420332
1486143998,420332
1486143998,420332
1486143998,420332
1486143998,420332
1486143998,420332
1486143998,420332
1486143998,420332
1486143999,420332
1486143999,420332
1486143999,420332
1486143999,420332
1486143999,420332
1486143999,420332
1486143999,420332
1486143999,420332
1486143999,420332
1486143999,420332
1486144000,420332
1486144000,420332
1486144000,420332
1486144000,420332
1486144000,420332
1486144000,420332
1486144000,420332
1486144000,420332
1486144000,420332
1486144000,420332
1486144001,420332
1486144001,420332
1486144001,420332
1486144001,420332
1486144001,420332
1486144001,420332
1486144001,420332
1486144001,420332
1486144001,420332
1486144001,420332
1486144002,420332
1486144002,420332
1486144002,420332
1486144002,420332
1486144002,420332
1486144002,420332
1486144002,420332
1486144002,420332
1486144002,420332
1486144002,420332
1486144003,420332
1486144003,420332
1486144003,420332
1486144003,420332
1486144003,420332
1486144003,420332
1486144003,420332
1486144003,420332
1486144003,420332
1486144003,420332
1486144004,420332
1486144004,420332
1486144004,420332
1486144004,420332
1486144004,420332
1486144004,420332
1486144004,420332
1486144004,420332
1486144004,420332
1486144004,420332
1486144005,420332
1486144005,420332
1486144005,420332
1486144005,420332
1486144005,420332
1486144005,420332
1486144005,420332
1486144005,420332
1486144005,420332
1486144005,420332
1486144006,420332
1486144006,420332
1486144006,420332
1486144006,420332
1486144006,420332
1486144006,420332
1486144006,420332
1486144006,420332
1486144006,420332
1486144006,420332
1486144007,420332
1486144007,420332
1486144007,420332
1486144007,420332
1486144007,420332
1486144007,420332
1486144007,420332
1486144007,420332
1486144007,420332
1486144007,420332
1486144008,420332
1486144008,420332
1486144008,420332
1486144008,420332
1486144008,420332
1486144008,420332
1486144008,420332
1486144008,420332
1486144008,420332
1486144008,420332
1486144009,420332
1486144009,420332
1486144009,420332
1486144009,420332
1486144009,420332
1486144009,420332
1486144009,420332
1486144009,420332
1486144009,420332
1486144009,420332
1486144010,420332
1486144010,420332
1486144010,420332
1486144010,420332
1486144010,420332
1486144010,420332
1486144010,420332
1486144010,420332
1486144010,420332
1486144010,420332
1486144011,420332
1486144011,420332
1486144011,420332
1486144011,420332
1486144011,420332
1486144011,420332
1486144011,420332
1486144011,420332
1486144011,420332
1486144011,420332
1486144012,420332
1486144012,420332
1486144012,420332
1486144012,420332
1486144012,420332
1486144012,420332
1486144012,420332
1486144012,420332
1486144012,420332
1486144012,420332
1486144013,420332
1486144013,420332
1486144013,420332
1486144013,420332
1486144013,420332
1486144013,420332
1486144013,420332
1486144013,420332
1486144013,420332
1486144013,420332
1486144014,420332
1486144014,420332
1486144014,420332
1486144014,420332
1486144014,420332
1486144014,420332
1486144014,420332
1486144014,420332
1486144014,420332
1486144014,420332
1486144015,420332
1486144015,420332
1486144015,420332
1486144015,420332
1486144015,420332
1486144015,420332
1486144015,420332
1486144015,420332
1486144015,420332
1486144015,420332
1486144016,420332
1486144016,420332
1486144016,420332
1486144016,420332
1486144016,420332
1486144016,420332
1486144016,420332
1486144016,420332
1486144016,420332
1486144016,420332
1486144017,420332
1486144017,420332
1486144017,420332
1486144017,420332
1486144017,420332
1486144017,420332
1486144017,420332
1486144017,420332
1486144017,420332
1486144017,420332
1486144018,420332
1486144018,420332
1486144018,420332
1486144018,420332
1486144018,420332
1486144018,420332
1486144018,420332
1486144018,420332
1486144018,420332
1486144018,420332
1486144019,420332
1486144019,420332
1486144019,420332
1486144019,420332
1486144019,420332
1486144019,420332
1486144019,420332
1486144019,420332
1486144019,420332
1486144019,420332
1486144020,420332
1486144020,420332
1486144020,420332
1486144020,420332
1486144020,420332
1486144020,420332
1486144020,420332
1486144020,420332
1486144020,420332
1486144020,420332
1486144021,420332
1486144021,420332
1486144021,420332
1486144021,420332
1486144021,420332
1486144021,420332
1486144021,420332
1486144021,420332
1486144021,420332
1486144021,420332
1486144022,420332
1486144022,420332
1486144022,420332
1486144022,420332
1486144022,420332
1486144022,420332
1486144022,420332
1486144022,420332
1486144022,420332
1486144022,420332
1486144023,420332
1486144023,420332
1486144023,420332
1486144023,420332
1486144023,420332
1486144023,420332
1486144023,420332
1486144023,420332
1486144023,420332
1486144023,420332
1486144024,420332
1486144024,420332
1486144024,420332
1486144024,420332
1486144024,420332
1486144024,420332
1486144024,420332
1486144024,420332
1486144024,420332
1486144024,420332
1486144025,420332
1486144025,420332
1486144025,420332
1486144025,420332
1486144025,420332
1486144025,420332
1486144025,420332
1486144025,420332
1486144025,420332
1486144025,420332
1486144026,420332
1486144026,420332
1486144026,420332
1486144026,420332
1486144026,420332
1486144026,420332
1486144026,420332
1486144026,420332
1486144026,420332
1486144026,420332
1486144027,420332
1486144027,420332
1486144027,420332
1486144027,420332
1486144027,420332
1486144027,420332
1486144027,420332
1486144027,420332
1486144027,420332
1486144027,420332
1486144028,420332
1486144028,420332
1486144028,420332
1486144028,420332
1486144028,420332
1486144028,420332
1486144028,420332
1486144028,420332
1486144028,420332
1486144028,420332
1486144029,420332
1486144029,420332
1486144029,420332
1486144029,420332
1486144029,420332
1486144029,420332
1486144029,420332
1486144029,420332
1486144029,420332
1486144029,420332
1486144030,420332
1486144030,420332
1486144030,420332
1486144030,420332
1486144030,420332
1486144030,420332
1486144030,420332
1486144030,420332
1486144030,420332
1486144030,420332
1486144031,420332
1486144031,420332
1486144031,420332
1486144031,420332
1486144031,420332
1486144031,420332
1486144031,420332
1486144031,420332
1486144031,420332
1486144031,420332
1486144032,420332
1486144032,420332
1486144032,420332
1486144032,420332
1486144032,420332
1486144032,420332
1486144032,420332
1486144032,420332
1486144032,420332
1486144032,420332
1486144033,420332
1486144033,420332
1486144033,420332
1486144033,420332
1486144033,420332
1486144033,420332
1486144033,420332
1486144033,420332
1486144033,420332
1486144033,420332
1486144034,420332
1486144034,420332
1486144034,420332
1486144034,420332
1486144034,420332
1486144034,420332
1486144034,420332
1486144034,420332
1486144034,420332
1486144034,420332
1486144035,420332
1486144035,420332
1486144035,420332
1486144035,420332
1486144035,420332
1486144035,420332
1486144035,420332
1486144035,420332
1486144035,420332
1486144035,420332
1486144036,420332
1486144036,420332
1486144036,420332
1486144036,420332
1486144036,420332
1486144036,420332
1486144036,420332
1486144036,420332
1486144036,420332
1486144036,420332
1486144037,420332
1486144037,420332
1486144037,420332
1486144037,420332
1486144037,420332
1486144037,420332
1486144037,420332
1486144037,420332
1486144037,420332
1486144037,420332
1486144038,420332
1486144038,420332
1486144038,420332
1486144038,420332
1486144038,420332
1486144038,420332
1486144038,420332
1486144038,420332
1486144038,420332
1486144038,420332
1486144039,420332
1486144039,420332
1486144039,420332
1486144039,420332
1486144039,420332
1486144039,420332
1486144039,420332
1486144039,420332
1486144039,420332
1486144039,420332
1486144040,420332
1486144040,420332
1486144040,420332
1486144040,420332
1486144040,420332
1486144040,420332
1486144040,420332
1486144040,420332
1486144040,420332
1486144040,420332
1486144041,420332
1486144041,420332
1486144041,420332
1486144041,420332
1486144041,420332
1486144041,420332
1486144041,420332
1486144041,420332
1486144041,420332
1486144041,420332
1486144042,420332
1486144042,420332
1486144042,420332
1486144042,420332
1486144042,420332
1486144042,420332
1486144042,420332
1486144042,420332
1486144042,420332
1486144042,420332
1486144043,420332
1486144043,420332
1486144043,420332
1486144043,420332
1486144043,420332
1486144043,420332
1486144043,420332
1486144043,420332
1486144043,420332
1486144043,420332
1486144044,420332
1486144044,420332
1486144044,420332
1486144044,420332
1486144044,420332
1486144044,420332
1486144044,420332
1486144044,420332
1486144044,420332
1486144044,420332
1486144045,420332
1486144045,420332
1486144045,420332
1486144045,420332
1486144045,420332
1486144045,420332
1486144045,420332
1486144045,420332
1486144045,420332
1486144045,420332
1486144046,420332
1486144046,420332
1486144046,420332
1486144046,420332
1486144046,420332
1486144046,420332
1486144046,420332
1486144046,420332
1486144046,420332
1486144046,420332
1486144047,420332
1486144047,420332
1486144047,420332
1486144047,420332
1486144047,420332
1486144047,420332
1486144047,420332
1486144047,420332
1486144047,420332
1486144047,420332
1486144048,420332
1486144048,420332
1486144048,420332
1486144048,420332
1486144048,420332
1486144048,420332
1486144048,420332
1486144048,420332
1486144048,420332
1486144048,420332
1486144049,420332
1486144049,420332
1486144049,420332
1486144049,420332
1486144049,420332
1486144049,420332
1486144049,420332
1486144049,420332
1486144049,420332
1486144049,420332
1486144050,420332
1486144050,420332
1486144050,420332
1486144050,420332
1486144050,420332
1486144050,420332
1486144050,420332
1486144050,420332
1486144050,420332
1486144050,420332
1486144051,420332
1486144051,420332
1486144051,420332
1486144051,420332
1486144051,420332
1486144051,420332
1486144051,420332
1486144051,420332
1486144051,420332
1486144051,420332
1486144052,420332
1486144052,420332
1486144052,420332
1486144052,420332
1486144052,420332
1486144052,420332
